Station_ID,Station_Name,P(X > Danger * 1.05),P(X > Danger * 1.1),P(X > Danger * 1.15)
27234,P/A Kg. Sg. Kandis,0.0,0.0,0.0
3014080_,Sg. Klang di Bandar Klang,0.03389366926569595,0.005550607437106695,0.0005718217447064618
PANDAMARAN,P/A Pandamaran,4.98974e-45,9.999999999999999e-51,0.0
SELATMUARA,Sg. Klang di Selat Muara,0.015647216756879467,0.00576399845473145,0.0018703616470373068
